{
  "main_v2_sensitivity": {
    "rndread": {
      "cbp": {
        "mean": 14668435.774999999,
        "stdev": 432956.2848856816,
        "n": 2
      },
      "chance0": {
        "mean": 15521518.925,
        "stdev": 82206.00699438702,
        "n": 2
      },
      "chance128": {
        "mean": 16015727.45,
        "stdev": 9002.671406033558,
        "n": 2
      },
      "chance16": {
        "mean": 16033518.899999999,
        "stdev": 207198.62105430357,
        "n": 2
      },
      "chance32": {
        "mean": 15786168.75,
        "stdev": 1130429.1250872912,
        "n": 2
      }
    },
    "tpcc": {
      "cbp": {
        "mean": 535757.2,
        "stdev": 23732.76631832038,
        "n": 2
      },
      "chance0": {
        "mean": 632505.2749999999,
        "stdev": 1602.1979001515222,
        "n": 2
      },
      "chance128": {
        "mean": 622281.4750000001,
        "stdev": 12406.648095325765,
        "n": 2
      },
      "chance16": {
        "mean": 651389.175,
        "stdev": 14686.784621939889,
        "n": 2
      },
      "chance32": {
        "mean": 643636.825,
        "stdev": 2074.68665134034,
        "n": 2
      }
    },
    "ycsb_skewed": {
      "cbp": {
        "mean": 18548480.5,
        "stdev": 2995043.897678705,
        "n": 2
      },
      "chance0": {
        "mean": 25394411.7,
        "stdev": 76565.87582026995,
        "n": 2
      },
      "chance128": {
        "mean": 26014337.225,
        "stdev": 1256793.597013389,
        "n": 2
      },
      "chance16": {
        "mean": 25579032.924999997,
        "stdev": 356027.1683119153,
        "n": 2
      },
      "chance32": {
        "mean": 26552248.7,
        "stdev": 165404.93333091564,
        "n": 2
      }
    }
  },
  "cbp_v3_compare": {
    "rndread": {
      "cbp": {
        "mean": 14435178.407894738,
        "stdev": 402264.69279216457,
        "n": 2
      },
      "cbp_static": {
        "mean": 14812301.3,
        "stdev": 4546.413760316763,
        "n": 2
      },
      "default": {
        "mean": 16153251.4,
        "stdev": 378424.3159865925,
        "n": 2
      },
      "trad": {
        "mean": 15466679.024999999,
        "stdev": 66721.782699964,
        "n": 2
      }
    },
    "tpcc": {
      "cbp": {
        "mean": 563567.6000000001,
        "stdev": 16002.957829101453,
        "n": 2
      },
      "cbp_static": {
        "mean": 546077.575,
        "stdev": 2102.1931051285956,
        "n": 2
      },
      "default": {
        "mean": 636896.275,
        "stdev": 12722.654115838048,
        "n": 2
      },
      "trad": {
        "mean": 636105.1000000001,
        "stdev": 9554.497538070733,
        "n": 2
      }
    },
    "ycsb_skewed": {
      "cbp": {
        "mean": 19740313.65,
        "stdev": 210688.0515981048,
        "n": 2
      },
      "cbp_static": {
        "mean": 19629851.5,
        "stdev": 409546.7017217023,
        "n": 2
      },
      "default": {
        "mean": 25430839.674999997,
        "stdev": 273788.24549686484,
        "n": 2
      },
      "trad": {
        "mean": 25851734.275,
        "stdev": 482003.686102516,
        "n": 2
      }
    }
  },
  "cbp_v4_compare": {
    "rndread": {
      "default": {
        "mean": 15869507.183333332,
        "stdev": 570337.9196544931,
        "n": 3
      }
    },
    "tpcc": {
      "default": {
        "mean": 678722.0333333333,
        "stdev": 18455.084657102834,
        "n": 3
      }
    },
    "ycsb_skewed": {
      "default": {
        "mean": 25885296.916666668,
        "stdev": 1056099.62361736,
        "n": 3
      }
    }
  }
}